<?xml version="1.0" encoding="UTF-8" standalone="yes" ?><hs:sec xmlns:ha="http://www.hancom.co.kr/hwpml/2011/app" xmlns:hp="http://www.hancom.co.kr/hwpml/2011/paragraph" xmlns:hp10="http://www.hancom.co.kr/hwpml/2016/paragraph" xmlns:hs="http://www.hancom.co.kr/hwpml/2011/section" xmlns:hc="http://www.hancom.co.kr/hwpml/2011/core" xmlns:hh="http://www.hancom.co.kr/hwpml/2011/head" xmlns:hhs="http://www.hancom.co.kr/hwpml/2011/history" xmlns:hm="http://www.hancom.co.kr/hwpml/2011/master-page" xmlns:hpf="http://www.hancom.co.kr/schema/2011/hpf" xmlns:dc="http://purl.org/dc/elements/1.1/" xmlns:opf="http://www.idpf.org/2007/opf/" xmlns:ooxmlchart="http://www.hancom.co.kr/hwpml/2016/ooxmlchart" xmlns:hwpunitchar="http://www.hancom.co.kr/hwpml/2016/HwpUnitChar" xmlns:epub="http://www.idpf.org/2007/ops" xmlns:config="urn:oasis:names:tc:opendocument:xmlns:config:1.0"><hp:p id="0" paraPrIDRef="27" styleIDRef="0" pageBreak="0" columnBreak="0" merged="0"><hp:run charPrIDRef="12"><hp:secPr id="" textDirection="HORIZONTAL" spaceColumns="1134" tabStop="8000" tabStopVal="4000" tabStopUnit="HWPUNIT" outlineShapeIDRef="1" memoShapeIDRef="0" textVerticalWidthHead="0" masterPageCnt="0"><hp:grid lineGrid="0" charGrid="0" wonggojiFormat="0"/><hp:startNum pageStartsOn="BOTH" page="0" pic="0" tbl="0" equation="0"/><hp:visibility hideFirstHeader="0" hideFirstFooter="0" hideFirstMasterPage="0" border="SHOW_ALL" fill="SHOW_ALL" hideFirstPageNum="0" hideFirstEmptyLine="0" showLineNumber="0"/><hp:lineNumberShape restartType="0" countBy="0" distance="0" startNumber="0"/><hp:pagePr landscape="WIDELY" width="59528" height="84188" gutterType="LEFT_ONLY"><hp:margin header="0" footer="271" gutter="0" left="4251" right="4251" top="3500" bottom="1417"/></hp:pagePr><hp:footNotePr><hp:autoNumFormat type="DIGIT" userChar="" prefixChar="" suffixChar=")" supscript="0"/><hp:noteLine length="-1" type="SOLID" width="0.1 mm" color="#000000"/><hp:noteSpacing betweenNotes="850" belowLine="567" aboveLine="567"/><hp:numbering type="CONTINUOUS" newNum="1"/><hp:placement place="EACH_COLUMN" beneathText="1"/></hp:footNotePr><hp:endNotePr><hp:autoNumFormat type="DIGIT" userChar="" prefixChar="" suffixChar=")" supscript="0"/><hp:noteLine length="-1" type="SOLID" width="0.1 mm" color="#000000"/><hp:noteSpacing betweenNotes="850" belowLine="567" aboveLine="567"/><hp:numbering type="CONTINUOUS" newNum="1"/><hp:placement place="END_OF_DOCUMENT" beneathText="0"/></hp:endNotePr><hp:pageBorderFill type="BOTH" borderFillIDRef="1" textBorder="PAPER" headerInside="0" footerInside="0" fillArea="PAPER"><hp:offset left="1417" right="1417" top="1417" bottom="1417"/></hp:pageBorderFill><hp:pageBorderFill type="EVEN" borderFillIDRef="1" textBorder="PAPER" headerInside="0" footerInside="0" fillArea="PAPER"><hp:offset left="1417" right="1417" top="1417" bottom="1417"/></hp:pageBorderFill><hp:pageBorderFill type="ODD" borderFillIDRef="1" textBorder="PAPER" headerInside="0" footerInside="0" fillArea="PAPER"><hp:offset left="1417" right="1417" top="1417" bottom="1417"/></hp:pageBorderFill></hp:secPr><hp:ctrl><hp:colPr id="" type="NEWSPAPER" layout="LEFT" colCount="1" sameSz="1" sameGap="0"/></hp:ctrl></hp:run><hp:run charPrIDRef="12"><hp:tbl id="2031196168" zOrder="0" numberingType="TABLE" textWrap="TOP_AND_BOTTOM" textFlow="BOTH_SIDES" lock="0" dropcapstyle="None" pageBreak="NONE" repeatHeader="1" rowCnt="1" colCnt="2" cellSpacing="0" borderFillIDRef="2" noAdjust="0"><hp:sz width="51023" widthRelTo="ABSOLUTE" height="2830" heightRelTo="ABSOLUTE" protect="0"/><hp:pos treatAsChar="1" affectLSpacing="0" flowWithText="1" allowOverlap="0" holdAnchorAndSO="0" vertRelTo="PARA" horzRelTo="PARA" vertAlign="TOP" horzAlign="LEFT" vertOffset="0" horzOffset="0"/><hp:outMargin left="140" right="140" top="140" bottom="140"/><hp:inMargin left="140" right="140" top="140" bottom="140"/><hp:tr><hp:tc name="" header="0" hasMargin="0" protect="0" editable="0" dirty="0" borderFillIDRef="6"><hp:subList id="" textDirection="HORIZONTAL" lineWrap="BREAK" vertAlign="CENTER" linkListIDRef="0" linkListNextIDRef="0" textWidth="0" textHeight="0" hasTextRef="0" hasNumRef="0"><hp:p id="2147483648" paraPrIDRef="28" styleIDRef="0" pageBreak="0" columnBreak="0" merged="0"><hp:run charPrIDRef="25"><hp:t>제목</hp:t></hp:run><hp:linesegarray><hp:lineseg textpos="0" vertpos="0" vertsize="2000" textheight="2000" baseline="1700" spacing="0" horzpos="0" horzsize="4644" flags="393216"/></hp:linesegarray></hp:p></hp:subList><hp:cellAddr colAddr="0" rowAddr="0"/><hp:cellSpan colSpan="1" rowSpan="1"/><hp:cellSz width="4924" height="2830"/><hp:cellMargin left="141" right="141" top="141" bottom="141"/></hp:tc><hp:tc name="제목" header="0" hasMargin="0" protect="0" editable="0" dirty="0" borderFillIDRef="6"><hp:subList id="" textDirection="HORIZONTAL" lineWrap="SQUEEZE" vertAlign="CENTER" linkListIDRef="0" linkListNextIDRef="0" textWidth="0" textHeight="0" hasTextRef="0" hasNumRef="0"><hp:p id="2147483648" paraPrIDRef="28" styleIDRef="0" pageBreak="0" columnBreak="0" merged="0"><hp:run charPrIDRef="28"><hp:t> </hp:t></hp:run><hp:run charPrIDRef="25"><hp:t>테스트용</hp:t></hp:run><hp:linesegarray><hp:lineseg textpos="0" vertpos="0" vertsize="2400" textheight="2400" baseline="2040" spacing="0" horzpos="0" horzsize="45816" flags="393216"/></hp:linesegarray></hp:p></hp:subList><hp:cellAddr colAddr="1" rowAddr="0"/><hp:cellSpan colSpan="1" rowSpan="1"/><hp:cellSz width="46099" height="2830"/><hp:cellMargin left="141" right="141" top="141" bottom="141"/></hp:tc></hp:tr></hp:tbl><hp:t/></hp:run><hp:linesegarray><hp:lineseg textpos="0" vertpos="0" vertsize="3110" textheight="3110" baseline="2644" spacing="1000" horzpos="0" horzsize="51024" flags="393216"/></hp:linesegarray></hp:p><hp:p id="0" paraPrIDRef="12" styleIDRef="0" pageBreak="0" columnBreak="0" merged="0"><hp:run charPrIDRef="18"><hp:tbl id="1757366231" zOrder="1" numberingType="TABLE" textWrap="TOP_AND_BOTTOM" textFlow="BOTH_SIDES" lock="0" dropcapstyle="None" pageBreak="CELL" repeatHeader="1" rowCnt="1" colCnt="1" cellSpacing="0" borderFillIDRef="13" noAdjust="0"><hp:sz width="51010" widthRelTo="ABSOLUTE" height="5149" heightRelTo="ABSOLUTE" protect="0"/><hp:pos treatAsChar="1" affectLSpacing="0" flowWithText="1" allowOverlap="0" holdAnchorAndSO="0" vertRelTo="PARA" horzRelTo="PARA" vertAlign="TOP" horzAlign="LEFT" vertOffset="0" horzOffset="0"/><hp:outMargin left="140" right="140" top="140" bottom="140"/><hp:inMargin left="510" right="510" top="141" bottom="141"/><hp:tr><hp:tc name="" header="0" hasMargin="0" protect="0" editable="0" dirty="0" borderFillIDRef="14"><hp:subList id="" textDirection="HORIZONTAL" lineWrap="BREAK" vertAlign="CENTER" linkListIDRef="0" linkListNextIDRef="0" textWidth="0" textHeight="0" hasTextRef="0" hasNumRef="0"><hp:p id="0" paraPrIDRef="12" styleIDRef="0" pageBreak="0" columnBreak="0" merged="0"><hp:run charPrIDRef="13"/><hp:linesegarray><hp:lineseg textpos="0" vertpos="0" vertsize="1500" textheight="1500" baseline="1275" spacing="900" horzpos="0" horzsize="49988" flags="393216"/></hp:linesegarray></hp:p></hp:subList><hp:cellAddr colAddr="0" rowAddr="0"/><hp:cellSpan colSpan="1" rowSpan="1"/><hp:cellSz width="51010" height="5149"/><hp:cellMargin left="141" right="141" top="141" bottom="141"/></hp:tc></hp:tr></hp:tbl><hp:t/></hp:run><hp:linesegarray><hp:lineseg textpos="0" vertpos="4110" vertsize="5429" textheight="5429" baseline="4615" spacing="720" horzpos="0" horzsize="51024" flags="393216"/></hp:linesegarray></hp:p><hp:p id="0" paraPrIDRef="32" styleIDRef="0" pageBreak="0" columnBreak="0" merged="0"><hp:run charPrIDRef="18"><hp:tbl id="1759975554" zOrder="3" numberingType="TABLE" textWrap="TOP_AND_BOTTOM" textFlow="BOTH_SIDES" lock="0" dropcapstyle="None" pageBreak="CELL" repeatHeader="1" rowCnt="1" colCnt="3" cellSpacing="0" borderFillIDRef="2" noAdjust="0"><hp:sz width="31181" widthRelTo="ABSOLUTE" height="3231" heightRelTo="ABSOLUTE" protect="0"/><hp:pos treatAsChar="1" affectLSpacing="0" flowWithText="1" allowOverlap="0" holdAnchorAndSO="0" vertRelTo="PARA" horzRelTo="PARA" vertAlign="TOP" horzAlign="LEFT" vertOffset="0" horzOffset="0"/><hp:outMargin left="283" right="283" top="283" bottom="283"/><hp:inMargin left="141" right="141" top="141" bottom="141"/><hp:tr><hp:tc name="" header="0" hasMargin="0" protect="0" editable="0" dirty="0" borderFillIDRef="10"><hp:subList id="" textDirection="HORIZONTAL" lineWrap="BREAK" vertAlign="CENTER" linkListIDRef="0" linkListNextIDRef="0" textWidth="0" textHeight="0" hasTextRef="0" hasNumRef="0"><hp:p id="2147483648" paraPrIDRef="39" styleIDRef="0" pageBreak="0" columnBreak="0" merged="0"><hp:run charPrIDRef="38"><hp:t>Ⅰ</hp:t></hp:run><hp:linesegarray><hp:lineseg textpos="0" vertpos="0" vertsize="1900" textheight="1900" baseline="1615" spacing="1140" horzpos="0" horzsize="3420" flags="393216"/></hp:linesegarray></hp:p></hp:subList><hp:cellAddr colAddr="0" rowAddr="0"/><hp:cellSpan colSpan="1" rowSpan="1"/><hp:cellSz width="3705" height="3231"/><hp:cellMargin left="141" right="141" top="141" bottom="141"/></hp:tc><hp:tc name="" header="0" hasMargin="0" protect="0" editable="0" dirty="0" borderFillIDRef="11"><hp:subList id="" textDirection="HORIZONTAL" lineWrap="BREAK" vertAlign="CENTER" linkListIDRef="0" linkListNextIDRef="0" textWidth="0" textHeight="0" hasTextRef="0" hasNumRef="0"><hp:p id="2147483648" paraPrIDRef="22" styleIDRef="0" pageBreak="0" columnBreak="0" merged="0"><hp:run charPrIDRef="17"/><hp:linesegarray><hp:lineseg textpos="0" vertpos="0" vertsize="2000" textheight="2000" baseline="1700" spacing="1200" horzpos="0" horzsize="1440" flags="393216"/></hp:linesegarray></hp:p></hp:subList><hp:cellAddr colAddr="1" rowAddr="0"/><hp:cellSpan colSpan="1" rowSpan="1"/><hp:cellSz width="1131" height="3231"/><hp:cellMargin left="141" right="141" top="141" bottom="141"/></hp:tc><hp:tc name="" header="0" hasMargin="0" protect="0" editable="0" dirty="0" borderFillIDRef="12"><hp:subList id="" textDirection="HORIZONTAL" lineWrap="BREAK" vertAlign="CENTER" linkListIDRef="0" linkListNextIDRef="0" textWidth="0" textHeight="0" hasTextRef="0" hasNumRef="0"><hp:p id="2147483648" paraPrIDRef="13" styleIDRef="0" pageBreak="0" columnBreak="0" merged="0"><hp:run charPrIDRef="27"><hp:ctrl><hp:colPr id="" type="NEWSPAPER" layout="LEFT" colCount="1" sameSz="1" sameGap="0"/></hp:ctrl></hp:run><hp:run charPrIDRef="27"><hp:t>빈집 문제의 개요</hp:t></hp:run><hp:linesegarray><hp:lineseg textpos="0" vertpos="0" vertsize="2000" textheight="2000" baseline="1700" spacing="1000" horzpos="0" horzsize="26060" flags="393216"/></hp:linesegarray></hp:p></hp:subList><hp:cellAddr colAddr="2" rowAddr="0"/><hp:cellSpan colSpan="1" rowSpan="1"/><hp:cellSz width="26345" height="3231"/><hp:cellMargin left="141" right="141" top="141" bottom="141"/></hp:tc></hp:tr></hp:tbl><hp:t> </hp:t></hp:run><hp:run charPrIDRef="16"><hp:t>  </hp:t></hp:run><hp:linesegarray><hp:lineseg textpos="0" vertpos="10259" vertsize="3797" textheight="3797" baseline="3227" spacing="1440" horzpos="0" horzsize="51024" flags="393216"/></hp:linesegarray></hp:p><hp:p id="0" paraPrIDRef="41" styleIDRef="0" pageBreak="0" columnBreak="0" merged="0"><hp:run charPrIDRef="35"><hp:t>  ▢ </hp:t></hp:run><hp:run charPrIDRef="31"><hp:t>최근 도시 및 농촌 지역에서 빈집 증가가 사회적 문제로 대두되고 있다. 인구 감소, 도시화, 경제적 요인 등으로 인해 방치된 빈집이 늘어나면서 안전 문제, 범죄 발생 가능성, 도시 미관 저해 등의 부작용이 발생하고 있다. 이를 해결하기 위해 다양한 방안을 모색해야 한다.</hp:t></hp:run><hp:linesegarray><hp:lineseg textpos="0" vertpos="15496" vertsize="1500" textheight="1500" baseline="1275" spacing="1052" horzpos="0" horzsize="51024" flags="393216"/><hp:lineseg textpos="51" vertpos="18048" vertsize="1400" textheight="1400" baseline="1190" spacing="980" horzpos="0" horzsize="51024" flags="1441792"/><hp:lineseg textpos="97" vertpos="20428" vertsize="1400" textheight="1400" baseline="1190" spacing="980" horzpos="0" horzsize="51024" flags="1441792"/><hp:lineseg textpos="143" vertpos="22808" vertsize="1400" textheight="1400" baseline="1190" spacing="980" horzpos="0" horzsize="51024" flags="1441792"/></hp:linesegarray></hp:p><hp:p id="0" paraPrIDRef="34" styleIDRef="0" pageBreak="0" columnBreak="0" merged="0"><hp:run charPrIDRef="31"/><hp:linesegarray><hp:lineseg textpos="0" vertpos="25188" vertsize="1400" textheight="1400" baseline="1190" spacing="0" horzpos="0" horzsize="51024" flags="393216"/></hp:linesegarray></hp:p><hp:p id="0" paraPrIDRef="33" styleIDRef="0" pageBreak="0" columnBreak="0" merged="0"><hp:run charPrIDRef="30"><hp:tbl id="1797365068" zOrder="5" numberingType="TABLE" textWrap="TOP_AND_BOTTOM" textFlow="BOTH_SIDES" lock="0" dropcapstyle="None" pageBreak="CELL" repeatHeader="1" rowCnt="1" colCnt="3" cellSpacing="0" borderFillIDRef="2" noAdjust="0"><hp:sz width="30898" widthRelTo="ABSOLUTE" height="3231" heightRelTo="ABSOLUTE" protect="0"/><hp:pos treatAsChar="1" affectLSpacing="0" flowWithText="1" allowOverlap="0" holdAnchorAndSO="0" vertRelTo="PARA" horzRelTo="PARA" vertAlign="TOP" horzAlign="LEFT" vertOffset="0" horzOffset="0"/><hp:outMargin left="283" right="283" top="283" bottom="283"/><hp:inMargin left="141" right="141" top="141" bottom="141"/><hp:tr><hp:tc name="" header="0" hasMargin="0" protect="0" editable="0" dirty="0" borderFillIDRef="10"><hp:subList id="" textDirection="HORIZONTAL" lineWrap="BREAK" vertAlign="CENTER" linkListIDRef="0" linkListNextIDRef="0" textWidth="0" textHeight="0" hasTextRef="0" hasNumRef="0"><hp:p id="2147483648" paraPrIDRef="39" styleIDRef="0" pageBreak="0" columnBreak="0" merged="0"><hp:run charPrIDRef="38"><hp:t>Ⅱ</hp:t></hp:run><hp:linesegarray><hp:lineseg textpos="0" vertpos="0" vertsize="1900" textheight="1900" baseline="1615" spacing="1140" horzpos="0" horzsize="3420" flags="393216"/></hp:linesegarray></hp:p></hp:subList><hp:cellAddr colAddr="0" rowAddr="0"/><hp:cellSpan colSpan="1" rowSpan="1"/><hp:cellSz width="3705" height="3231"/><hp:cellMargin left="141" right="141" top="141" bottom="141"/></hp:tc><hp:tc name="" header="0" hasMargin="0" protect="0" editable="0" dirty="0" borderFillIDRef="11"><hp:subList id="" textDirection="HORIZONTAL" lineWrap="BREAK" vertAlign="CENTER" linkListIDRef="0" linkListNextIDRef="0" textWidth="0" textHeight="0" hasTextRef="0" hasNumRef="0"><hp:p id="2147483648" paraPrIDRef="22" styleIDRef="0" pageBreak="0" columnBreak="0" merged="0"><hp:run charPrIDRef="17"/><hp:linesegarray><hp:lineseg textpos="0" vertpos="0" vertsize="2000" textheight="2000" baseline="1700" spacing="1200" horzpos="0" horzsize="1440" flags="393216"/></hp:linesegarray></hp:p></hp:subList><hp:cellAddr colAddr="1" rowAddr="0"/><hp:cellSpan colSpan="1" rowSpan="1"/><hp:cellSz width="1131" height="3231"/><hp:cellMargin left="141" right="141" top="141" bottom="141"/></hp:tc><hp:tc name="" header="0" hasMargin="0" protect="0" editable="0" dirty="0" borderFillIDRef="12"><hp:subList id="" textDirection="HORIZONTAL" lineWrap="BREAK" vertAlign="CENTER" linkListIDRef="0" linkListNextIDRef="0" textWidth="0" textHeight="0" hasTextRef="0" hasNumRef="0"><hp:p id="2147483648" paraPrIDRef="13" styleIDRef="0" pageBreak="0" columnBreak="0" merged="0"><hp:run charPrIDRef="27"><hp:ctrl><hp:colPr id="" type="NEWSPAPER" layout="LEFT" colCount="1" sameSz="1" sameGap="0"/></hp:ctrl></hp:run><hp:run charPrIDRef="27"><hp:t>빈집 문제의 주요 원인</hp:t></hp:run><hp:linesegarray><hp:lineseg textpos="0" vertpos="0" vertsize="2000" textheight="2000" baseline="1700" spacing="1000" horzpos="0" horzsize="25780" flags="393216"/></hp:linesegarray></hp:p></hp:subList><hp:cellAddr colAddr="2" rowAddr="0"/><hp:cellSpan colSpan="1" rowSpan="1"/><hp:cellSz width="26062" height="3231"/><hp:cellMargin left="141" right="141" top="141" bottom="141"/></hp:tc></hp:tr></hp:tbl><hp:t/></hp:run><hp:linesegarray><hp:lineseg textpos="0" vertpos="26588" vertsize="3797" textheight="3797" baseline="3227" spacing="1440" horzpos="0" horzsize="51024" flags="393216"/></hp:linesegarray></hp:p><hp:p id="0" paraPrIDRef="40" styleIDRef="0" pageBreak="0" columnBreak="0" merged="0"><hp:run charPrIDRef="35"><hp:t>  ▢ </hp:t></hp:run><hp:run charPrIDRef="34"><hp:t>인구 감소</hp:t></hp:run><hp:run charPrIDRef="33"><hp:t> : 저출산 및 고령화로 인해 주택 수요 감소</hp:t></hp:run><hp:linesegarray><hp:lineseg textpos="0" vertpos="31825" vertsize="1500" textheight="1500" baseline="1275" spacing="1052" horzpos="0" horzsize="51024" flags="393216"/></hp:linesegarray></hp:p><hp:p id="2147483648" paraPrIDRef="40" styleIDRef="0" pageBreak="0" columnBreak="0" merged="0"><hp:run charPrIDRef="35"><hp:t>  ▢ </hp:t></hp:run><hp:run charPrIDRef="34"><hp:t>도시화 </hp:t></hp:run><hp:run charPrIDRef="33"><hp:t>: 지방의 인구가 대도시로 집중되면서 빈집 발생 증가</hp:t></hp:run><hp:linesegarray><hp:lineseg textpos="0" vertpos="34377" vertsize="1500" textheight="1500" baseline="1275" spacing="1052" horzpos="0" horzsize="51024" flags="393216"/></hp:linesegarray></hp:p><hp:p id="2147483648" paraPrIDRef="40" styleIDRef="0" pageBreak="0" columnBreak="0" merged="0"><hp:run charPrIDRef="35"><hp:t>  ▢ </hp:t></hp:run><hp:run charPrIDRef="34"><hp:t>경제적 요인 </hp:t></hp:run><hp:run charPrIDRef="33"><hp:t>: 부동산 경기 침체 및 주택 유지보수 비용 증가</hp:t></hp:run><hp:linesegarray><hp:lineseg textpos="0" vertpos="36929" vertsize="1500" textheight="1500" baseline="1275" spacing="1052" horzpos="0" horzsize="51024" flags="393216"/></hp:linesegarray></hp:p><hp:p id="2147483648" paraPrIDRef="40" styleIDRef="0" pageBreak="0" columnBreak="0" merged="0"><hp:run charPrIDRef="35"><hp:t>  ▢ </hp:t></hp:run><hp:run charPrIDRef="34"><hp:t>법적·행정적 문제</hp:t></hp:run><hp:run charPrIDRef="33"><hp:t> : 소유주 부재, 상속 문제 등으로 인해 관리가 어려움</hp:t></hp:run><hp:linesegarray><hp:lineseg textpos="0" vertpos="39481" vertsize="1500" textheight="1500" baseline="1275" spacing="1052" horzpos="0" horzsize="51024" flags="393216"/></hp:linesegarray></hp:p><hp:p id="0" paraPrIDRef="28" styleIDRef="0" pageBreak="0" columnBreak="0" merged="0"><hp:run charPrIDRef="31"/><hp:linesegarray><hp:lineseg textpos="0" vertpos="42033" vertsize="1400" textheight="1400" baseline="1190" spacing="0" horzpos="0" horzsize="51024" flags="393216"/></hp:linesegarray></hp:p><hp:p id="0" paraPrIDRef="32" styleIDRef="0" pageBreak="0" columnBreak="0" merged="0"><hp:run charPrIDRef="18"><hp:tbl id="1759975552" zOrder="2" numberingType="TABLE" textWrap="TOP_AND_BOTTOM" textFlow="BOTH_SIDES" lock="0" dropcapstyle="None" pageBreak="CELL" repeatHeader="1" rowCnt="1" colCnt="3" cellSpacing="0" borderFillIDRef="2" noAdjust="0"><hp:sz width="30615" widthRelTo="ABSOLUTE" height="3231" heightRelTo="ABSOLUTE" protect="0"/><hp:pos treatAsChar="1" affectLSpacing="0" flowWithText="1" allowOverlap="0" holdAnchorAndSO="0" vertRelTo="PARA" horzRelTo="PARA" vertAlign="TOP" horzAlign="LEFT" vertOffset="0" horzOffset="0"/><hp:outMargin left="283" right="283" top="283" bottom="283"/><hp:inMargin left="141" right="141" top="141" bottom="141"/><hp:tr><hp:tc name="" header="0" hasMargin="0" protect="0" editable="0" dirty="0" borderFillIDRef="10"><hp:subList id="" textDirection="HORIZONTAL" lineWrap="BREAK" vertAlign="CENTER" linkListIDRef="0" linkListNextIDRef="0" textWidth="0" textHeight="0" hasTextRef="0" hasNumRef="0"><hp:p id="2147483648" paraPrIDRef="39" styleIDRef="0" pageBreak="0" columnBreak="0" merged="0"><hp:run charPrIDRef="39"><hp:t>Ⅲ</hp:t></hp:run><hp:linesegarray><hp:lineseg textpos="0" vertpos="0" vertsize="1900" textheight="1900" baseline="1615" spacing="1140" horzpos="0" horzsize="3420" flags="393216"/></hp:linesegarray></hp:p></hp:subList><hp:cellAddr colAddr="0" rowAddr="0"/><hp:cellSpan colSpan="1" rowSpan="1"/><hp:cellSz width="3705" height="3231"/><hp:cellMargin left="141" right="141" top="141" bottom="141"/></hp:tc><hp:tc name="" header="0" hasMargin="0" protect="0" editable="0" dirty="0" borderFillIDRef="11"><hp:subList id="" textDirection="HORIZONTAL" lineWrap="BREAK" vertAlign="CENTER" linkListIDRef="0" linkListNextIDRef="0" textWidth="0" textHeight="0" hasTextRef="0" hasNumRef="0"><hp:p id="2147483648" paraPrIDRef="22" styleIDRef="0" pageBreak="0" columnBreak="0" merged="0"><hp:run charPrIDRef="17"/><hp:linesegarray><hp:lineseg textpos="0" vertpos="0" vertsize="2000" textheight="2000" baseline="1700" spacing="1200" horzpos="0" horzsize="1440" flags="393216"/></hp:linesegarray></hp:p></hp:subList><hp:cellAddr colAddr="1" rowAddr="0"/><hp:cellSpan colSpan="1" rowSpan="1"/><hp:cellSz width="1131" height="3231"/><hp:cellMargin left="141" right="141" top="141" bottom="141"/></hp:tc><hp:tc name="" header="0" hasMargin="0" protect="0" editable="0" dirty="0" borderFillIDRef="12"><hp:subList id="" textDirection="HORIZONTAL" lineWrap="BREAK" vertAlign="CENTER" linkListIDRef="0" linkListNextIDRef="0" textWidth="0" textHeight="0" hasTextRef="0" hasNumRef="0"><hp:p id="2147483648" paraPrIDRef="13" styleIDRef="0" pageBreak="0" columnBreak="0" merged="0"><hp:run charPrIDRef="27"><hp:ctrl><hp:colPr id="" type="NEWSPAPER" layout="LEFT" colCount="1" sameSz="1" sameGap="0"/></hp:ctrl></hp:run><hp:run charPrIDRef="27"><hp:t>빈집 문제 해결 방안</hp:t></hp:run><hp:linesegarray><hp:lineseg textpos="0" vertpos="0" vertsize="2000" textheight="2000" baseline="1700" spacing="1000" horzpos="0" horzsize="25496" flags="393216"/></hp:linesegarray></hp:p></hp:subList><hp:cellAddr colAddr="2" rowAddr="0"/><hp:cellSpan colSpan="1" rowSpan="1"/><hp:cellSz width="25779" height="3231"/><hp:cellMargin left="141" right="141" top="141" bottom="141"/></hp:tc></hp:tr></hp:tbl><hp:t/></hp:run><hp:linesegarray><hp:lineseg textpos="0" vertpos="43433" vertsize="3797" textheight="3797" baseline="3227" spacing="960" horzpos="0" horzsize="51024" flags="393216"/></hp:linesegarray></hp:p><hp:p id="0" paraPrIDRef="29" styleIDRef="0" pageBreak="0" columnBreak="0" merged="0"><hp:run charPrIDRef="32"><hp:t> </hp:t><hp:tbl id="1797365107" zOrder="6" numberingType="TABLE" textWrap="TOP_AND_BOTTOM" textFlow="BOTH_SIDES" lock="0" dropcapstyle="None" pageBreak="NONE" repeatHeader="1" rowCnt="1" colCnt="3" cellSpacing="0" borderFillIDRef="2" noAdjust="0"><hp:sz width="19590" widthRelTo="ABSOLUTE" height="2263" heightRelTo="ABSOLUTE" protect="0"/><hp:pos treatAsChar="1" affectLSpacing="1" flowWithText="1" allowOverlap="0" holdAnchorAndSO="0" vertRelTo="PARA" horzRelTo="PARA" vertAlign="TOP" horzAlign="LEFT" vertOffset="0" horzOffset="0"/><hp:outMargin left="140" right="140" top="140" bottom="140"/><hp:inMargin left="140" right="140" top="140" bottom="140"/><hp:tr><hp:tc name="" header="0" hasMargin="0" protect="0" editable="0" dirty="0" borderFillIDRef="15"><hp:subList id="" textDirection="HORIZONTAL" lineWrap="BREAK" vertAlign="CENTER" linkListIDRef="0" linkListNextIDRef="0" textWidth="0" textHeight="0" hasTextRef="0" hasNumRef="0"><hp:p id="2147483648" paraPrIDRef="35" styleIDRef="0" pageBreak="0" columnBreak="0" merged="0"><hp:run charPrIDRef="37"><hp:t>1</hp:t></hp:run><hp:linesegarray><hp:lineseg textpos="0" vertpos="0" vertsize="1800" textheight="1800" baseline="1530" spacing="0" horzpos="0" horzsize="1968" flags="393216"/></hp:linesegarray></hp:p></hp:subList><hp:cellAddr colAddr="0" rowAddr="0"/><hp:cellSpan colSpan="1" rowSpan="1"/><hp:cellSz width="2250" height="2263"/><hp:cellMargin left="141" right="141" top="141" bottom="141"/></hp:tc><hp:tc name="" header="0" hasMargin="0" protect="0" editable="0" dirty="0" borderFillIDRef="16"><hp:subList id="" textDirection="HORIZONTAL" lineWrap="BREAK" vertAlign="TOP" linkListIDRef="0" linkListNextIDRef="0" textWidth="0" textHeight="0" hasTextRef="0" hasNumRef="0"><hp:p id="2147483648" paraPrIDRef="36" styleIDRef="0" pageBreak="0" columnBreak="0" merged="0"><hp:run charPrIDRef="37"/><hp:linesegarray><hp:lineseg textpos="0" vertpos="0" vertsize="1800" textheight="1800" baseline="1530" spacing="540" horzpos="0" horzsize="1440" flags="393216"/></hp:linesegarray></hp:p></hp:subList><hp:cellAddr colAddr="1" rowAddr="0"/><hp:cellSpan colSpan="1" rowSpan="1"/><hp:cellSz width="563" height="2263"/><hp:cellMargin left="141" right="141" top="141" bottom="141"/></hp:tc><hp:tc name="" header="0" hasMargin="0" protect="0" editable="0" dirty="0" borderFillIDRef="17"><hp:subList id="" textDirection="HORIZONTAL" lineWrap="BREAK" vertAlign="CENTER" linkListIDRef="0" linkListNextIDRef="0" textWidth="0" textHeight="0" hasTextRef="0" hasNumRef="0"><hp:p id="2147483648" paraPrIDRef="37" styleIDRef="0" pageBreak="0" columnBreak="0" merged="0"><hp:run charPrIDRef="37"><hp:t> </hp:t></hp:run><hp:run charPrIDRef="32"><hp:t>정책적 지원 강화</hp:t></hp:run><hp:linesegarray><hp:lineseg textpos="0" vertpos="0" vertsize="1800" textheight="1800" baseline="1530" spacing="3060" horzpos="0" horzsize="16496" flags="393216"/></hp:linesegarray></hp:p></hp:subList><hp:cellAddr colAddr="2" rowAddr="0"/><hp:cellSpan colSpan="1" rowSpan="1"/><hp:cellSz width="16777" height="2263"/><hp:cellMargin left="141" right="141" top="141" bottom="141"/></hp:tc></hp:tr></hp:tbl><hp:t/></hp:run><hp:linesegarray><hp:lineseg textpos="0" vertpos="48190" vertsize="2543" textheight="2543" baseline="2162" spacing="1780" horzpos="0" horzsize="51024" flags="393216"/></hp:linesegarray></hp:p><hp:p id="2147483648" paraPrIDRef="40" styleIDRef="0" pageBreak="0" columnBreak="0" merged="0"><hp:run charPrIDRef="35"><hp:t>  ▢ 빈집 실태 조사 및 데이터베이스 구축</hp:t></hp:run><hp:linesegarray><hp:lineseg textpos="0" vertpos="52513" vertsize="1500" textheight="1500" baseline="1275" spacing="1052" horzpos="0" horzsize="51024" flags="393216"/></hp:linesegarray></hp:p><hp:p id="2147483648" paraPrIDRef="38" styleIDRef="0" pageBreak="0" columnBreak="0" merged="0"><hp:run charPrIDRef="36"><hp:t>   ❍ </hp:t></hp:run><hp:run charPrIDRef="33"><hp:t>전국 단위의 빈집 데이터베이스를 구축하여 체계적으로 관리</hp:t></hp:run><hp:linesegarray><hp:lineseg textpos="0" vertpos="55065" vertsize="1600" textheight="1600" baseline="1360" spacing="960" horzpos="0" horzsize="51024" flags="393216"/></hp:linesegarray></hp:p><hp:p id="2147483648" paraPrIDRef="38" styleIDRef="0" pageBreak="0" columnBreak="0" merged="0"><hp:run charPrIDRef="36"><hp:t>   ❍ </hp:t></hp:run><hp:run charPrIDRef="33"><hp:t>빈집 정보를 시민과 기업에 공개하여 활용 가능하도록 함</hp:t></hp:run><hp:linesegarray><hp:lineseg textpos="0" vertpos="57625" vertsize="1600" textheight="1600" baseline="1360" spacing="960" horzpos="0" horzsize="51024" flags="393216"/></hp:linesegarray></hp:p><hp:p id="2147483648" paraPrIDRef="40" styleIDRef="0" pageBreak="0" columnBreak="0" merged="0"><hp:run charPrIDRef="35"><hp:t>  ▢ 빈집 정비 및 철거 지원</hp:t></hp:run><hp:linesegarray><hp:lineseg textpos="0" vertpos="60185" vertsize="1500" textheight="1500" baseline="1275" spacing="1052" horzpos="0" horzsize="51024" flags="393216"/></hp:linesegarray></hp:p><hp:p id="2147483648" paraPrIDRef="38" styleIDRef="0" pageBreak="0" columnBreak="0" merged="0"><hp:run charPrIDRef="36"><hp:t>   ❍ </hp:t></hp:run><hp:run charPrIDRef="33"><hp:t>노후 빈집 철거 비용 지원</hp:t></hp:run><hp:linesegarray><hp:lineseg textpos="0" vertpos="62737" vertsize="1600" textheight="1600" baseline="1360" spacing="960" horzpos="0" horzsize="51024" flags="393216"/></hp:linesegarray></hp:p><hp:p id="2147483648" paraPrIDRef="38" styleIDRef="0" pageBreak="0" columnBreak="0" merged="0"><hp:run charPrIDRef="36"><hp:t>   ❍ </hp:t></hp:run><hp:run charPrIDRef="33"><hp:t>철거 후 공공시설, 주차장, 공원 등으로 활용</hp:t></hp:run><hp:linesegarray><hp:lineseg textpos="0" vertpos="65297" vertsize="1600" textheight="1600" baseline="1360" spacing="960" horzpos="0" horzsize="51024" flags="393216"/></hp:linesegarray></hp:p><hp:p id="2147483648" paraPrIDRef="40" styleIDRef="0" pageBreak="0" columnBreak="0" merged="0"><hp:run charPrIDRef="35"><hp:t>  ▢ 세제 혜택 제공</hp:t></hp:run><hp:linesegarray><hp:lineseg textpos="0" vertpos="67857" vertsize="1500" textheight="1500" baseline="1275" spacing="1052" horzpos="0" horzsize="51024" flags="393216"/></hp:linesegarray></hp:p><hp:p id="2147483648" paraPrIDRef="38" styleIDRef="0" pageBreak="0" columnBreak="0" merged="0"><hp:run charPrIDRef="36"><hp:t>   ❍ </hp:t></hp:run><hp:run charPrIDRef="33"><hp:t>빈집 소유주가 개보수 후 임대·매매할 경우 세금 감면</hp:t></hp:run><hp:linesegarray><hp:lineseg textpos="0" vertpos="70409" vertsize="1600" textheight="1600" baseline="1360" spacing="960" horzpos="0" horzsize="51024" flags="393216"/></hp:linesegarray></hp:p><hp:p id="2147483648" paraPrIDRef="38" styleIDRef="0" pageBreak="0" columnBreak="0" merged="0"><hp:run charPrIDRef="36"><hp:t>   ❍ </hp:t></hp:run><hp:run charPrIDRef="33"><hp:t>장기 방치된 빈집에 대한 과세 강화로 활용 유도</hp:t></hp:run><hp:linesegarray><hp:lineseg textpos="0" vertpos="72969" vertsize="1600" textheight="1600" baseline="1360" spacing="960" horzpos="0" horzsize="51024" flags="393216"/></hp:linesegarray></hp:p><hp:p id="0" paraPrIDRef="31" styleIDRef="0" pageBreak="0" columnBreak="0" merged="0"><hp:run charPrIDRef="26"/><hp:linesegarray><hp:lineseg textpos="0" vertpos="75529" vertsize="1400" textheight="1400" baseline="1190" spacing="0" horzpos="0" horzsize="51024" flags="393216"/></hp:linesegarray></hp:p><hp:p id="2147483648" paraPrIDRef="32" styleIDRef="0" pageBreak="0" columnBreak="0" merged="0"><hp:run charPrIDRef="32"><hp:tbl id="1797365111" zOrder="7" numberingType="TABLE" textWrap="TOP_AND_BOTTOM" textFlow="BOTH_SIDES" lock="0" dropcapstyle="None" pageBreak="NONE" repeatHeader="1" rowCnt="1" colCnt="3" cellSpacing="0" borderFillIDRef="2" noAdjust="0"><hp:sz width="19590" widthRelTo="ABSOLUTE" height="2263" heightRelTo="ABSOLUTE" protect="0"/><hp:pos treatAsChar="1" affectLSpacing="1" flowWithText="1" allowOverlap="0" holdAnchorAndSO="0" vertRelTo="PARA" horzRelTo="PARA" vertAlign="TOP" horzAlign="LEFT" vertOffset="0" horzOffset="0"/><hp:outMargin left="140" right="140" top="140" bottom="140"/><hp:inMargin left="140" right="140" top="140" bottom="140"/><hp:tr><hp:tc name="" header="0" hasMargin="0" protect="0" editable="0" dirty="0" borderFillIDRef="15"><hp:subList id="" textDirection="HORIZONTAL" lineWrap="BREAK" vertAlign="CENTER" linkListIDRef="0" linkListNextIDRef="0" textWidth="0" textHeight="0" hasTextRef="0" hasNumRef="0"><hp:p id="2147483648" paraPrIDRef="35" styleIDRef="0" pageBreak="0" columnBreak="0" merged="0"><hp:run charPrIDRef="37"><hp:t>2</hp:t></hp:run><hp:linesegarray><hp:lineseg textpos="0" vertpos="0" vertsize="1800" textheight="1800" baseline="1530" spacing="0" horzpos="0" horzsize="1968" flags="393216"/></hp:linesegarray></hp:p></hp:subList><hp:cellAddr colAddr="0" rowAddr="0"/><hp:cellSpan colSpan="1" rowSpan="1"/><hp:cellSz width="2250" height="2263"/><hp:cellMargin left="141" right="141" top="141" bottom="141"/></hp:tc><hp:tc name="" header="0" hasMargin="0" protect="0" editable="0" dirty="0" borderFillIDRef="16"><hp:subList id="" textDirection="HORIZONTAL" lineWrap="BREAK" vertAlign="TOP" linkListIDRef="0" linkListNextIDRef="0" textWidth="0" textHeight="0" hasTextRef="0" hasNumRef="0"><hp:p id="2147483648" paraPrIDRef="36" styleIDRef="0" pageBreak="0" columnBreak="0" merged="0"><hp:run charPrIDRef="37"/><hp:linesegarray><hp:lineseg textpos="0" vertpos="0" vertsize="1800" textheight="1800" baseline="1530" spacing="540" horzpos="0" horzsize="1440" flags="393216"/></hp:linesegarray></hp:p></hp:subList><hp:cellAddr colAddr="1" rowAddr="0"/><hp:cellSpan colSpan="1" rowSpan="1"/><hp:cellSz width="563" height="2263"/><hp:cellMargin left="141" right="141" top="141" bottom="141"/></hp:tc><hp:tc name="" header="0" hasMargin="0" protect="0" editable="0" dirty="0" borderFillIDRef="17"><hp:subList id="" textDirection="HORIZONTAL" lineWrap="BREAK" vertAlign="CENTER" linkListIDRef="0" linkListNextIDRef="0" textWidth="0" textHeight="0" hasTextRef="0" hasNumRef="0"><hp:p id="2147483648" paraPrIDRef="37" styleIDRef="0" pageBreak="0" columnBreak="0" merged="0"><hp:run charPrIDRef="37"><hp:t> </hp:t></hp:run><hp:run charPrIDRef="32"><hp:t>빈집 활용 방안</hp:t></hp:run><hp:linesegarray><hp:lineseg textpos="0" vertpos="0" vertsize="1800" textheight="1800" baseline="1530" spacing="3060" horzpos="0" horzsize="16496" flags="393216"/></hp:linesegarray></hp:p></hp:subList><hp:cellAddr colAddr="2" rowAddr="0"/><hp:cellSpan colSpan="1" rowSpan="1"/><hp:cellSz width="16777" height="2263"/><hp:cellMargin left="141" right="141" top="141" bottom="141"/></hp:tc></hp:tr></hp:tbl><hp:t/></hp:run><hp:linesegarray><hp:lineseg textpos="0" vertpos="0" vertsize="2543" textheight="2543" baseline="2162" spacing="2032" horzpos="0" horzsize="51024" flags="393216"/></hp:linesegarray></hp:p><hp:p id="2147483648" paraPrIDRef="40" styleIDRef="0" pageBreak="0" columnBreak="0" merged="0"><hp:run charPrIDRef="35"><hp:t>  ▢ 청년 및 신혼부부 주거 지원</hp:t></hp:run><hp:linesegarray><hp:lineseg textpos="0" vertpos="4575" vertsize="1500" textheight="1500" baseline="1275" spacing="1052" horzpos="0" horzsize="51024" flags="393216"/></hp:linesegarray></hp:p><hp:p id="2147483648" paraPrIDRef="38" styleIDRef="0" pageBreak="0" columnBreak="0" merged="0"><hp:run charPrIDRef="36"><hp:t>   ❍ </hp:t></hp:run><hp:run charPrIDRef="33"><hp:t>리모델링을 통해 저렴한 임대주택으로 전환</hp:t></hp:run><hp:linesegarray><hp:lineseg textpos="0" vertpos="7127" vertsize="1600" textheight="1600" baseline="1360" spacing="960" horzpos="0" horzsize="51024" flags="393216"/></hp:linesegarray></hp:p><hp:p id="2147483648" paraPrIDRef="38" styleIDRef="0" pageBreak="0" columnBreak="0" merged="0"><hp:run charPrIDRef="36"><hp:t>   ❍ </hp:t></hp:run><hp:run charPrIDRef="33"><hp:t>공공기관과 협력하여 사회적 주택으로 운영</hp:t></hp:run><hp:linesegarray><hp:lineseg textpos="0" vertpos="9687" vertsize="1600" textheight="1600" baseline="1360" spacing="960" horzpos="0" horzsize="51024" flags="393216"/></hp:linesegarray></hp:p><hp:p id="2147483648" paraPrIDRef="40" styleIDRef="0" pageBreak="0" columnBreak="0" merged="0"><hp:run charPrIDRef="35"><hp:t>  ▢ 지역 공동체 공간 조성</hp:t></hp:run><hp:linesegarray><hp:lineseg textpos="0" vertpos="12247" vertsize="1500" textheight="1500" baseline="1275" spacing="1052" horzpos="0" horzsize="51024" flags="393216"/></hp:linesegarray></hp:p><hp:p id="2147483648" paraPrIDRef="38" styleIDRef="0" pageBreak="0" columnBreak="0" merged="0"><hp:run charPrIDRef="36"><hp:t>   ❍ </hp:t></hp:run><hp:run charPrIDRef="33"><hp:t>빈집을 지역 커뮤니티 공간(카페, 도서관, 복지관 등)으로 변환</hp:t></hp:run><hp:linesegarray><hp:lineseg textpos="0" vertpos="14799" vertsize="1600" textheight="1600" baseline="1360" spacing="960" horzpos="0" horzsize="51024" flags="393216"/></hp:linesegarray></hp:p><hp:p id="2147483648" paraPrIDRef="38" styleIDRef="0" pageBreak="0" columnBreak="0" merged="0"><hp:run charPrIDRef="36"><hp:t>   ❍ </hp:t></hp:run><hp:run charPrIDRef="33"><hp:t>문화예술 공간, 스타트업 창업 공간으로 활용</hp:t></hp:run><hp:linesegarray><hp:lineseg textpos="0" vertpos="17359" vertsize="1600" textheight="1600" baseline="1360" spacing="960" horzpos="0" horzsize="51024" flags="393216"/></hp:linesegarray></hp:p><hp:p id="2147483648" paraPrIDRef="40" styleIDRef="0" pageBreak="0" columnBreak="0" merged="0"><hp:run charPrIDRef="35"><hp:t>  ▢ 스마트팜 및 도시 농업 시설로 활용</hp:t></hp:run><hp:linesegarray><hp:lineseg textpos="0" vertpos="19919" vertsize="1500" textheight="1500" baseline="1275" spacing="1052" horzpos="0" horzsize="51024" flags="393216"/></hp:linesegarray></hp:p><hp:p id="2147483648" paraPrIDRef="38" styleIDRef="0" pageBreak="0" columnBreak="0" merged="0"><hp:run charPrIDRef="36"><hp:t>   ❍ </hp:t></hp:run><hp:run charPrIDRef="33"><hp:t>도심 빈집을 활용하여 실내 농업 및 스마트팜 조성</hp:t></hp:run><hp:linesegarray><hp:lineseg textpos="0" vertpos="22471" vertsize="1600" textheight="1600" baseline="1360" spacing="960" horzpos="0" horzsize="51024" flags="393216"/></hp:linesegarray></hp:p><hp:p id="2147483648" paraPrIDRef="38" styleIDRef="0" pageBreak="0" columnBreak="0" merged="0"><hp:run charPrIDRef="36"><hp:t>   ❍ </hp:t></hp:run><hp:run charPrIDRef="33"><hp:t>지역 주민들과 협력하여 친환경 생산 및 일자리 창출</hp:t></hp:run><hp:linesegarray><hp:lineseg textpos="0" vertpos="25031" vertsize="1600" textheight="1600" baseline="1360" spacing="960" horzpos="0" horzsize="51024" flags="393216"/></hp:linesegarray></hp:p><hp:p id="0" paraPrIDRef="38" styleIDRef="0" pageBreak="0" columnBreak="0" merged="0"><hp:run charPrIDRef="33"><hp:t>     •</hp:t></hp:run><hp:linesegarray><hp:lineseg textpos="0" vertpos="27591" vertsize="1400" textheight="1400" baseline="1190" spacing="840" horzpos="0" horzsize="51024" flags="393216"/></hp:linesegarray></hp:p><hp:p id="0" paraPrIDRef="38" styleIDRef="0" pageBreak="0" columnBreak="0" merged="0"><hp:run charPrIDRef="33"><hp:t>      ▷</hp:t></hp:run><hp:linesegarray><hp:lineseg textpos="0" vertpos="29831" vertsize="1400" textheight="1400" baseline="1190" spacing="840" horzpos="0" horzsize="51024" flags="393216"/></hp:linesegarray></hp:p><hp:p id="0" paraPrIDRef="31" styleIDRef="0" pageBreak="0" columnBreak="0" merged="0"><hp:run charPrIDRef="33"/><hp:linesegarray><hp:lineseg textpos="0" vertpos="32071" vertsize="1400" textheight="1400" baseline="1190" spacing="0" horzpos="0" horzsize="51024" flags="393216"/></hp:linesegarray></hp:p><hp:p id="0" paraPrIDRef="30" styleIDRef="0" pageBreak="0" columnBreak="0" merged="0"><hp:run charPrIDRef="33"><hp:tbl id="1797365113" zOrder="8" numberingType="TABLE" textWrap="TOP_AND_BOTTOM" textFlow="BOTH_SIDES" lock="0" dropcapstyle="None" pageBreak="NONE" repeatHeader="1" rowCnt="1" colCnt="3" cellSpacing="0" borderFillIDRef="2" noAdjust="0"><hp:sz width="19590" widthRelTo="ABSOLUTE" height="2263" heightRelTo="ABSOLUTE" protect="0"/><hp:pos treatAsChar="1" affectLSpacing="1" flowWithText="1" allowOverlap="0" holdAnchorAndSO="0" vertRelTo="PARA" horzRelTo="PARA" vertAlign="TOP" horzAlign="LEFT" vertOffset="0" horzOffset="0"/><hp:outMargin left="140" right="140" top="140" bottom="140"/><hp:inMargin left="140" right="140" top="140" bottom="140"/><hp:tr><hp:tc name="" header="0" hasMargin="0" protect="0" editable="0" dirty="0" borderFillIDRef="15"><hp:subList id="" textDirection="HORIZONTAL" lineWrap="BREAK" vertAlign="CENTER" linkListIDRef="0" linkListNextIDRef="0" textWidth="0" textHeight="0" hasTextRef="0" hasNumRef="0"><hp:p id="2147483648" paraPrIDRef="35" styleIDRef="0" pageBreak="0" columnBreak="0" merged="0"><hp:run charPrIDRef="37"><hp:t>3</hp:t></hp:run><hp:linesegarray><hp:lineseg textpos="0" vertpos="0" vertsize="1800" textheight="1800" baseline="1530" spacing="0" horzpos="0" horzsize="1968" flags="393216"/></hp:linesegarray></hp:p></hp:subList><hp:cellAddr colAddr="0" rowAddr="0"/><hp:cellSpan colSpan="1" rowSpan="1"/><hp:cellSz width="2250" height="2263"/><hp:cellMargin left="141" right="141" top="141" bottom="141"/></hp:tc><hp:tc name="" header="0" hasMargin="0" protect="0" editable="0" dirty="0" borderFillIDRef="16"><hp:subList id="" textDirection="HORIZONTAL" lineWrap="BREAK" vertAlign="TOP" linkListIDRef="0" linkListNextIDRef="0" textWidth="0" textHeight="0" hasTextRef="0" hasNumRef="0"><hp:p id="2147483648" paraPrIDRef="36" styleIDRef="0" pageBreak="0" columnBreak="0" merged="0"><hp:run charPrIDRef="37"/><hp:linesegarray><hp:lineseg textpos="0" vertpos="0" vertsize="1800" textheight="1800" baseline="1530" spacing="540" horzpos="0" horzsize="1440" flags="393216"/></hp:linesegarray></hp:p></hp:subList><hp:cellAddr colAddr="1" rowAddr="0"/><hp:cellSpan colSpan="1" rowSpan="1"/><hp:cellSz width="563" height="2263"/><hp:cellMargin left="141" right="141" top="141" bottom="141"/></hp:tc><hp:tc name="" header="0" hasMargin="0" protect="0" editable="0" dirty="0" borderFillIDRef="17"><hp:subList id="" textDirection="HORIZONTAL" lineWrap="BREAK" vertAlign="CENTER" linkListIDRef="0" linkListNextIDRef="0" textWidth="0" textHeight="0" hasTextRef="0" hasNumRef="0"><hp:p id="2147483648" paraPrIDRef="37" styleIDRef="0" pageBreak="0" columnBreak="0" merged="0"><hp:run charPrIDRef="37"><hp:t> </hp:t></hp:run><hp:run charPrIDRef="32"><hp:t>민관 협력 강화</hp:t></hp:run><hp:linesegarray><hp:lineseg textpos="0" vertpos="0" vertsize="1800" textheight="1800" baseline="1530" spacing="3060" horzpos="0" horzsize="16496" flags="393216"/></hp:linesegarray></hp:p></hp:subList><hp:cellAddr colAddr="2" rowAddr="0"/><hp:cellSpan colSpan="1" rowSpan="1"/><hp:cellSz width="16777" height="2263"/><hp:cellMargin left="141" right="141" top="141" bottom="141"/></hp:tc></hp:tr></hp:tbl><hp:t/></hp:run><hp:linesegarray><hp:lineseg textpos="0" vertpos="33471" vertsize="2543" textheight="2543" baseline="2162" spacing="2032" horzpos="0" horzsize="51024" flags="393216"/></hp:linesegarray></hp:p><hp:p id="2147483648" paraPrIDRef="40" styleIDRef="0" pageBreak="0" columnBreak="0" merged="0"><hp:run charPrIDRef="35"><hp:t>  ▢ 기업 및 사회적 경제 조직과 협력</hp:t></hp:run><hp:linesegarray><hp:lineseg textpos="0" vertpos="38046" vertsize="1500" textheight="1500" baseline="1275" spacing="1052" horzpos="0" horzsize="51024" flags="393216"/></hp:linesegarray></hp:p><hp:p id="2147483648" paraPrIDRef="38" styleIDRef="0" pageBreak="0" columnBreak="0" merged="0"><hp:run charPrIDRef="36"><hp:t>   ❍ </hp:t></hp:run><hp:run charPrIDRef="33"><hp:t>민간 기업이 빈집을 활용한 리모델링 사업에 참여하도록 장려</hp:t></hp:run><hp:linesegarray><hp:lineseg textpos="0" vertpos="40598" vertsize="1600" textheight="1600" baseline="1360" spacing="960" horzpos="0" horzsize="51024" flags="393216"/></hp:linesegarray></hp:p><hp:p id="2147483648" paraPrIDRef="38" styleIDRef="0" pageBreak="0" columnBreak="0" merged="0"><hp:run charPrIDRef="36"><hp:t>   ❍ </hp:t></hp:run><hp:run charPrIDRef="33"><hp:t>사회적 기업 및 비영리 단체와 협력하여 공익적 활용</hp:t></hp:run><hp:linesegarray><hp:lineseg textpos="0" vertpos="43158" vertsize="1600" textheight="1600" baseline="1360" spacing="960" horzpos="0" horzsize="51024" flags="393216"/></hp:linesegarray></hp:p><hp:p id="2147483648" paraPrIDRef="40" styleIDRef="0" pageBreak="0" columnBreak="0" merged="0"><hp:run charPrIDRef="35"><hp:t>  ▢ 지방자치단체의 적극적 개입</hp:t></hp:run><hp:linesegarray><hp:lineseg textpos="0" vertpos="45718" vertsize="1500" textheight="1500" baseline="1275" spacing="1052" horzpos="0" horzsize="51024" flags="393216"/></hp:linesegarray></hp:p><hp:p id="2147483648" paraPrIDRef="38" styleIDRef="0" pageBreak="0" columnBreak="0" merged="0"><hp:run charPrIDRef="36"><hp:t>   ❍ </hp:t></hp:run><hp:run charPrIDRef="33"><hp:t>지역 특성에 맞는 빈집 활용 모델 개발</hp:t></hp:run><hp:linesegarray><hp:lineseg textpos="0" vertpos="48270" vertsize="1600" textheight="1600" baseline="1360" spacing="960" horzpos="0" horzsize="51024" flags="393216"/></hp:linesegarray></hp:p><hp:p id="2147483648" paraPrIDRef="38" styleIDRef="0" pageBreak="0" columnBreak="0" merged="0"><hp:run charPrIDRef="36"><hp:t>   ❍ </hp:t></hp:run><hp:run charPrIDRef="33"><hp:t>공공-민간 협력을 통한 재생 사업 추진</hp:t></hp:run><hp:linesegarray><hp:lineseg textpos="0" vertpos="50830" vertsize="1600" textheight="1600" baseline="1360" spacing="960" horzpos="0" horzsize="51024" flags="393216"/></hp:linesegarray></hp:p><hp:p id="0" paraPrIDRef="30" styleIDRef="0" pageBreak="0" columnBreak="0" merged="0"><hp:run charPrIDRef="29"/><hp:linesegarray><hp:lineseg textpos="0" vertpos="53390" vertsize="1500" textheight="1500" baseline="1275" spacing="1200" horzpos="0" horzsize="51024" flags="393216"/></hp:linesegarray></hp:p><hp:p id="0" paraPrIDRef="30" styleIDRef="0" pageBreak="0" columnBreak="0" merged="0"><hp:run charPrIDRef="29"><hp:tbl id="1793616182" zOrder="4" numberingType="TABLE" textWrap="TOP_AND_BOTTOM" textFlow="BOTH_SIDES" lock="0" dropcapstyle="None" pageBreak="CELL" repeatHeader="1" rowCnt="1" colCnt="3" cellSpacing="0" borderFillIDRef="2" noAdjust="0"><hp:sz width="15616" widthRelTo="ABSOLUTE" height="3231" heightRelTo="ABSOLUTE" protect="0"/><hp:pos treatAsChar="1" affectLSpacing="0" flowWithText="1" allowOverlap="0" holdAnchorAndSO="0" vertRelTo="PARA" horzRelTo="PARA" vertAlign="TOP" horzAlign="LEFT" vertOffset="0" horzOffset="0"/><hp:outMargin left="283" right="283" top="283" bottom="283"/><hp:inMargin left="141" right="141" top="141" bottom="141"/><hp:tr><hp:tc name="" header="0" hasMargin="0" protect="0" editable="0" dirty="0" borderFillIDRef="10"><hp:subList id="" textDirection="HORIZONTAL" lineWrap="BREAK" vertAlign="CENTER" linkListIDRef="0" linkListNextIDRef="0" textWidth="0" textHeight="0" hasTextRef="0" hasNumRef="0"><hp:p id="2147483648" paraPrIDRef="39" styleIDRef="0" pageBreak="0" columnBreak="0" merged="0"><hp:run charPrIDRef="39"><hp:t>Ⅳ</hp:t></hp:run><hp:linesegarray><hp:lineseg textpos="0" vertpos="0" vertsize="1900" textheight="1900" baseline="1615" spacing="1140" horzpos="0" horzsize="3420" flags="393216"/></hp:linesegarray></hp:p></hp:subList><hp:cellAddr colAddr="0" rowAddr="0"/><hp:cellSpan colSpan="1" rowSpan="1"/><hp:cellSz width="3705" height="3231"/><hp:cellMargin left="141" right="141" top="141" bottom="141"/></hp:tc><hp:tc name="" header="0" hasMargin="0" protect="0" editable="0" dirty="0" borderFillIDRef="11"><hp:subList id="" textDirection="HORIZONTAL" lineWrap="BREAK" vertAlign="CENTER" linkListIDRef="0" linkListNextIDRef="0" textWidth="0" textHeight="0" hasTextRef="0" hasNumRef="0"><hp:p id="2147483648" paraPrIDRef="22" styleIDRef="0" pageBreak="0" columnBreak="0" merged="0"><hp:run charPrIDRef="17"/><hp:linesegarray><hp:lineseg textpos="0" vertpos="0" vertsize="2000" textheight="2000" baseline="1700" spacing="1200" horzpos="0" horzsize="1440" flags="393216"/></hp:linesegarray></hp:p></hp:subList><hp:cellAddr colAddr="1" rowAddr="0"/><hp:cellSpan colSpan="1" rowSpan="1"/><hp:cellSz width="1131" height="3231"/><hp:cellMargin left="141" right="141" top="141" bottom="141"/></hp:tc><hp:tc name="" header="0" hasMargin="0" protect="0" editable="0" dirty="0" borderFillIDRef="12"><hp:subList id="" textDirection="HORIZONTAL" lineWrap="BREAK" vertAlign="CENTER" linkListIDRef="0" linkListNextIDRef="0" textWidth="0" textHeight="0" hasTextRef="0" hasNumRef="0"><hp:p id="2147483648" paraPrIDRef="13" styleIDRef="0" pageBreak="0" columnBreak="0" merged="0"><hp:run charPrIDRef="27"><hp:ctrl><hp:colPr id="" type="NEWSPAPER" layout="LEFT" colCount="1" sameSz="1" sameGap="0"/></hp:ctrl></hp:run><hp:run charPrIDRef="27"><hp:t>결론</hp:t></hp:run><hp:linesegarray><hp:lineseg textpos="0" vertpos="0" vertsize="2000" textheight="2000" baseline="1700" spacing="1000" horzpos="0" horzsize="10496" flags="393216"/></hp:linesegarray></hp:p></hp:subList><hp:cellAddr colAddr="2" rowAddr="0"/><hp:cellSpan colSpan="1" rowSpan="1"/><hp:cellSz width="10780" height="3231"/><hp:cellMargin left="141" right="141" top="141" bottom="141"/></hp:tc></hp:tr></hp:tbl><hp:t/></hp:run><hp:linesegarray><hp:lineseg textpos="0" vertpos="56090" vertsize="3797" textheight="3797" baseline="3227" spacing="1200" horzpos="0" horzsize="51024" flags="393216"/></hp:linesegarray></hp:p><hp:p id="0" paraPrIDRef="42" styleIDRef="0" pageBreak="0" columnBreak="0" merged="0"><hp:run charPrIDRef="35"><hp:t>  ▢ </hp:t></hp:run><hp:run charPrIDRef="33"><hp:t>빈집 문제는 단순히 개별 주택의 문제가 아니라 지역 사회 전반에 영향을 미치는 사회적 이슈이다. 따라서 정책적 지원, 빈집 활용 방안, 민관 협력 등의 다각적인 접근이 필요하다. 빈집을 단순한 방치된 공간이 아닌 새로운 기회로 전환하여 지역 활성화와 사회적 가치를 창출하는 방향으로 나아가야 한다.</hp:t></hp:run><hp:linesegarray><hp:lineseg textpos="0" vertpos="61087" vertsize="1500" textheight="1500" baseline="1275" spacing="1052" horzpos="0" horzsize="51024" flags="393216"/><hp:lineseg textpos="40" vertpos="63639" vertsize="1400" textheight="1400" baseline="1190" spacing="980" horzpos="0" horzsize="51024" flags="1441792"/><hp:lineseg textpos="80" vertpos="66019" vertsize="1400" textheight="1400" baseline="1190" spacing="980" horzpos="0" horzsize="51024" flags="1441792"/><hp:lineseg textpos="120" vertpos="68399" vertsize="1400" textheight="1400" baseline="1190" spacing="980" horzpos="0" horzsize="51024" flags="1441792"/><hp:lineseg textpos="157" vertpos="70779" vertsize="1400" textheight="1400" baseline="1190" spacing="980" horzpos="0" horzsize="51024" flags="1441792"/></hp:linesegarray></hp:p></hs:sec>